City ID,City,Lat,Lng,Max Temp,Humidity,Cloudiness,Wind Speed,Country,Date
0,vilyuysk,63.7553,121.6247,-45.56,100,97,1.34,RU,1701978445
1,vila velha,-20.3297,-40.2925,29.97,74,20,9.26,BR,1701978600
2,puerto natales,-51.7236,-72.4875,17.25,42,0,5.66,CL,1701978412
3,constantia,44.1833,28.65,1.5,94,100,8.95,RO,1701978600
4,whitehorse,60.7161,-135.0538,-4.57,85,75,7.2,CA,1701978600
5,salinas,36.6777,-121.6555,16.71,66,20,1.54,US,1701978316
6,albany,42.6001,-73.9662,0.1,85,100,1.24,US,1701978601
7,palmer,42.1584,-72.3287,1.03,56,100,1.54,US,1701978601
8,kruisfontein,-34.0033,24.7314,19.38,57,0,2.87,ZA,1701978381
9,vanino,49.0869,140.2543,-5.6,64,100,9.45,RU,1701978601
10,port-aux-francais,-49.35,70.2167,4.03,74,91,13.6,TF,1701978315
11,grytviken,-54.2811,-36.5092,0.16,87,55,7.5,GS,1701978302
12,dudinka,69.4058,86.1778,-24.62,98,19,4.92,RU,1701978602
13,hermanus,-34.4187,19.2345,18.76,90,11,4.66,ZA,1701978547
14,karymskoye,51.6167,114.35,-22.96,100,57,1.33,RU,1701978602
15,kargasok,59.0556,80.8572,-24.46,91,100,3.58,RU,1701978603
16,thompson,55.7435,-97.8558,-7.91,93,75,0.0,CA,1701978319
17,wailua homesteads,22.0669,-159.378,25.42,80,0,2.57,US,1701978603
18,adamstown,-25.066,-130.1015,22.79,75,30,5.39,PN,1701978603
19,happy valley-goose bay,53.3168,-60.3315,-4.83,68,100,8.75,CA,1701978312
20,isafjordur,66.0755,-23.124,2.02,64,40,10.29,IS,1701978334
21,sylt-ost,54.8833,8.35,-0.95,100,75,4.63,DE,1701978604
22,kone,-21.0595,164.8658,24.4,62,100,2.65,NC,1701978467
23,ushuaia,-54.8,-68.3,12.79,62,0,8.75,AR,1701978605
24,stanley,54.868,-1.6985,4.6,96,75,5.66,GB,1701978401
25,itororo,-15.1169,-40.0703,29.18,49,70,2.79,BR,1701978605
26,port lincoln,-34.7333,135.8667,20.7,62,100,2.2,AU,1701978605
27,tiksi,71.6872,128.8694,-33.0,99,82,2.58,RU,1701978606
28,saint-pierre,-21.3393,55.4781,25.32,83,100,1.03,RE,1701978437
29,lihue,21.9789,-159.3672,25.76,75,0,2.57,US,1701978606
30,blackmans bay,-43.0167,147.3167,12.07,89,100,0.45,AU,1701978354
31,charikar,35.0136,69.1714,6.84,24,100,1.57,AF,1701978606
32,nova sintra,14.8667,-24.7167,21.53,74,100,6.76,CV,1701978607
33,ilulissat,69.2167,-51.1,-0.99,47,20,1.54,GL,1701978607
34,lebu,-37.6167,-73.65,15.61,77,2,6.76,CL,1701978332
35,karagandy,49.8019,73.1021,-21.03,79,76,3.01,KZ,1701978607
36,bilibino,68.0546,166.4372,-37.19,100,81,1.07,RU,1701978607
37,mount gambier,-37.8333,140.7667,19.1,58,92,2.08,AU,1701978441
38,nemuro,43.3236,145.575,1.48,65,77,13.55,JP,1701978326
39,avarua,-21.2078,-159.775,26.03,69,75,7.72,CK,1701978608
40,kayangel,8.0823,134.7173,28.09,73,45,5.05,PW,1701978608
41,edinburgh of the seven seas,-37.0676,-12.3116,14.88,83,100,7.06,SH,1701978608
42,sambava,-14.2667,50.1667,25.12,84,100,5.0,MG,1701978609
43,west island,-12.1568,96.8225,25.99,83,75,5.66,CC,1701978390
44,college,64.8569,-147.8028,-18.01,84,20,3.6,US,1701978609
45,luganville,-15.5333,167.1667,26.32,86,100,4.87,VU,1701978609
46,colonia,50.9333,6.95,2.46,83,20,3.6,DE,1701978609
47,bhamo,24.2667,97.2333,17.97,100,100,0.45,MM,1701978610
48,ancud,-41.8697,-73.8203,14.94,62,0,4.79,CL,1701978467
49,qaqortoq,60.7167,-46.0333,2.99,58,100,7.7,GL,1701978433
50,port elizabeth,-33.918,25.5701,20.61,94,0,0.0,ZA,1701978372
51,north bay,46.3168,-79.4663,-1.05,92,100,1.54,CA,1701978456
52,bardai,11.65,7.2333,22.99,18,92,3.28,NG,1701978406
53,hammerfest,70.6634,23.6821,-4.75,63,0,1.54,NO,1701978610
54,fortaleza,-3.7227,-38.5247,30.6,68,20,8.23,BR,1701978390
55,forster,-32.1667,152.5167,23.49,85,39,1.18,AU,1701978611
56,kristiansund,63.1115,7.732,-1.64,69,0,2.57,NO,1701978611
57,ribeira grande,38.5167,-28.7,18.22,77,40,7.2,PT,1701978611
58,waitangi,-43.9535,-176.5597,13.79,83,80,0.89,NZ,1701978311
59,yellowknife,62.456,-114.3525,-10.71,92,75,3.6,CA,1701978478
60,tezu,27.9167,96.1667,16.13,93,100,1.16,IN,1701978612
61,margaret river,-33.95,115.0667,13.76,74,1,5.04,AU,1701978612
62,labytnangi,66.6572,66.4183,-22.06,86,100,3.69,RU,1701978612
63,alofi,-19.0595,-169.9187,27.94,78,40,4.12,NU,1701978612
64,iqaluit,63.7506,-68.5145,-15.15,84,20,5.66,CA,1701978570
65,vico del gargano,41.8983,15.9576,4.7,67,10,5.56,IT,1701978612
66,grande prairie,55.1667,-118.8027,-3.9,80,20,0.0,CA,1701978613
67,boda,4.3189,17.4695,23.27,84,99,0.76,CF,1701978613
68,la sarre,48.8002,-79.1996,-3.04,88,99,2.22,CA,1701978365
69,masterton,-40.9597,175.6575,16.6,69,9,1.76,NZ,1701978613
70,kolonia town,6.964,158.206,29.0,74,100,4.12,FM,1701978613
71,igis,46.9453,9.5722,2.78,65,10,4.59,CH,1701978613
72,ngereklmadel,7.4883,134.4856,25.05,88,40,2.06,PW,1701978614
73,souillac,-20.5167,57.5167,26.21,89,20,1.54,MU,1701978416
74,invercargill,-46.4,168.35,12.32,64,98,3.77,NZ,1701978472
75,luderitz,-26.6481,15.1594,17.11,82,0,6.46,NA,1701978614
76,zaysan,47.4667,84.8667,-9.87,88,88,1.7,KZ,1701978615
77,mahibadhoo,3.7833,72.9667,26.53,85,100,10.12,MV,1701978615
78,hawaiian paradise park,19.5933,-154.9731,26.6,83,75,2.57,US,1701978615
79,qinzhou,21.95,108.6167,17.33,69,86,1.83,CN,1701978616
80,tura,25.5198,90.2201,16.11,96,100,2.38,IN,1701978617
81,cartagena,10.3997,-75.5144,32.79,62,20,4.63,CO,1701978370
82,batang,-6.4846,110.7083,26.44,83,100,2.02,ID,1701978617
83,nuuk,64.1835,-51.7216,2.34,51,100,7.2,GL,1701978617
84,arraial do cabo,-22.9661,-42.0278,33.98,51,0,8.75,BR,1701978617
85,bridgewater,44.3835,-64.5155,-0.21,82,56,6.17,CA,1701978617
86,howrah,22.5892,88.3103,19.0,94,75,2.57,IN,1701978457
87,kapa'a,22.0752,-159.319,26.17,80,0,2.57,US,1701978419
88,andreyevo,55.9465,41.1505,-21.17,100,93,1.82,RU,1701978618
89,atafu village,-8.5421,-172.5159,28.89,75,80,2.72,TK,1701978618
90,sheboygan,43.7333,-87.9334,9.66,68,0,3.09,US,1701978401
91,olonkinbyen,70.9221,-8.7187,-1.65,77,10,5.12,SJ,1701978619
92,longyearbyen,78.2186,15.6401,-3.09,74,20,10.29,SJ,1701978619
93,utrik,11.2278,169.8474,27.54,81,28,10.55,MH,1701978620
94,qamdo,31.1667,97.2333,-4.96,50,100,0.51,CN,1701978620
95,klyuchi,52.2667,79.1667,-21.03,72,95,3.69,RU,1701978620
96,tuapse,44.1125,39.0742,9.61,86,100,2.81,RU,1701978620
97,touros,-5.1989,-35.4608,27.4,72,63,6.2,BR,1701978540
98,puerto ayora,-0.7393,-90.3518,30.98,79,99,4.99,EC,1701978621
99,vadso,70.0744,29.7487,-9.91,85,75,8.23,NO,1701978621
100,darlowo,54.421,16.4107,-0.41,98,93,3.9,PL,1701978621
101,tsiombe,-25.3,45.4833,22.67,79,80,8.49,MG,1701978621
102,nizhneudinsk,54.9076,99.0276,-31.37,99,95,0.73,RU,1701978622
103,tuy hoa,13.0833,109.3,23.14,92,86,2.63,VN,1701978516
104,punta arenas,-53.15,-70.9167,15.01,66,0,5.14,CL,1701978623
105,iisalmi,63.5592,27.1907,-15.7,99,100,1.68,FI,1701978623
106,homer,59.6425,-151.5483,1.93,78,75,3.6,US,1701978624
107,kangasala,61.4638,24.076,-6.59,92,100,3.83,FI,1701978624
108,luena,-11.7833,19.9167,18.1,94,75,8.75,AO,1701978624
109,enewetak,11.3474,162.3373,27.71,78,100,9.64,MH,1701978625
110,kodiak,57.79,-152.4072,2.73,70,20,6.17,US,1701978374
111,queenstown,-31.8976,26.8753,17.79,66,52,2.04,ZA,1701978625
112,bethel,41.3712,-73.414,3.2,75,100,2.06,US,1701978625
113,andalgala,-27.5819,-66.3165,21.62,49,33,4.88,AR,1701978626
114,zhangye,38.9342,100.4517,-0.21,30,12,0.5,CN,1701978626
115,port alfred,-33.5906,26.891,20.66,94,18,0.89,ZA,1701978626
116,talnakh,69.4865,88.3972,-33.49,89,35,1.31,RU,1701978626
117,berdigestyakh,62.0989,126.6992,-42.52,99,99,1.33,RU,1701978627
118,chonchi,-42.6128,-73.8092,20.56,44,0,0.85,CL,1701978461
119,badger,64.8,-147.5333,-18.05,85,40,3.6,US,1701978627
120,hamilton,39.1834,-84.5333,13.76,53,0,6.69,US,1701978388
121,dwarka,22.2394,68.9678,23.15,60,0,4.43,IN,1701978479
122,salekhard,66.53,66.6019,-22.53,87,100,3.74,RU,1701978628
123,lionel town,17.8101,-77.2406,31.94,63,61,2.27,JM,1701978628
124,cushing,35.9851,-96.767,22.06,37,0,8.75,US,1701978628
125,canutama,-6.5339,-64.3831,30.41,61,98,1.46,BR,1701978629
126,new norfolk,-42.7826,147.0587,12.72,70,100,0.99,AU,1701978629
127,alice springs,-23.7,133.8833,23.75,69,1,3.09,AU,1701978629
128,san cristobal,7.7669,-72.225,27.1,36,100,1.66,VE,1701978629
129,ebon,4.582,168.6964,28.05,81,88,8.39,MH,1701978629
130,porto franco,-6.3383,-47.3992,32.56,46,72,3.46,BR,1701978629
131,ust-nera,64.5667,143.2,-35.75,90,100,1.4,RU,1701978630
132,ulsteinvik,62.3432,5.8487,1.84,77,2,3.58,NO,1701978630
133,hadibu,12.65,54.0333,25.04,68,95,6.36,YE,1701978630
134,inhambane,-23.865,35.3833,25.0,88,75,0.0,MZ,1701978631
135,pangody,65.85,74.4859,-20.7,98,100,5.65,RU,1701978631
136,kijang,35.2442,129.2139,0.85,66,0,3.37,KR,1701978631
137,klaksvik,62.2266,-6.589,6.51,79,99,13.15,FO,1701978631
138,rosa zarate,0.3333,-79.4667,27.79,79,94,1.95,EC,1701978632
139,orcopampa,-15.2661,-72.3417,16.82,43,100,4.48,PE,1701978632
140,suez,29.9737,32.5263,17.86,51,100,2.67,EG,1701978632
141,kailua-kona,19.6406,-155.9956,26.95,76,40,1.54,US,1701978632
142,anadyr,64.75,177.4833,-20.72,77,4,13.0,RU,1701978633
143,port mathurin,-19.6833,63.4167,25.86,77,6,3.67,MU,1701978354
144,qahderijan,32.5767,51.455,2.53,35,54,1.59,IR,1701978633
145,piti village,13.4626,144.6933,28.03,85,20,4.12,GU,1701978633
146,cabo san lucas,22.8909,-109.9124,31.45,45,0,1.79,MX,1701978629
147,aasiaat,68.7098,-52.8699,-12.01,88,100,1.67,GL,1701978634
148,kingscliff,-28.2667,153.5667,21.54,100,10,1.54,AU,1701978634
149,la passe,45.5549,-0.8967,12.21,95,100,4.37,FR,1701978634
150,papatowai,-46.5619,169.4708,14.33,54,98,5.0,NZ,1701978359
151,el calafate,-50.3408,-72.2768,16.54,42,33,2.68,AR,1701978634
152,sinabang,2.4803,96.3801,26.13,84,100,0.79,ID,1701978635
153,prainha,-1.8,-53.48,30.85,58,95,2.57,BR,1701978635
154,huanren,41.2647,125.3667,0.48,89,95,3.05,CN,1701978635
155,newman,37.3138,-121.0208,16.75,35,5,0.89,US,1701978346
156,petropavl,54.8753,69.1628,-33.39,99,7,2.27,KZ,1701978636
157,bredasdorp,-34.5322,20.0403,18.38,87,0,4.74,ZA,1701978636
158,jishui,33.7333,115.4,12.74,51,0,5.4,CN,1701978636
159,guerrero negro,27.9769,-114.0611,21.2,59,0,7.94,MX,1701978636
160,washington,47.5001,-120.5015,6.32,58,99,0.94,US,1701978552
161,hasaki,35.7333,140.8333,9.05,41,0,2.74,JP,1701978636
162,lepsy,46.235,78.9456,-3.68,39,100,4.67,KZ,1701978637
163,balkanabat,39.5108,54.3671,10.21,59,64,2.13,TM,1701978637
164,saint-felix-de-valois,46.1668,-73.4324,-9.42,71,93,1.14,CA,1701978637
165,hue,16.4667,107.6,22.06,88,75,1.03,VN,1701978637
166,codrington,-38.2667,141.9667,18.81,55,100,2.06,AU,1701978637
167,nar'yan-mar,67.6713,53.087,-14.38,96,100,3.58,RU,1701978638
168,yanchep,-31.55,115.6833,17.75,72,4,5.38,AU,1701978638
169,severo-yeniseyskiy,60.3725,93.0408,-31.9,93,96,1.34,RU,1701978638
170,susuman,62.7833,148.1667,-34.05,95,100,0.49,RU,1701978515
171,port moresby,-9.4431,147.1797,23.68,94,40,1.03,PG,1701978638
172,iskateley,67.6803,53.1512,-14.43,96,100,3.58,RU,1701978483
173,samdari,25.8167,72.5833,17.61,33,0,3.24,IN,1701978639
174,chinacota,7.6073,-72.6011,24.74,45,92,3.16,CO,1701978639
175,sinop,41.7711,34.8709,8.97,80,73,3.41,TR,1701978639
176,roma,43.2128,-75.4557,1.71,93,100,2.24,US,1701978561
177,bamboo flat,11.7,92.7167,25.05,94,8,1.03,IN,1701978639
178,molde,62.7375,7.1591,-3.45,79,0,3.6,NO,1701978639
179,ust'-kulom,61.6864,53.6902,-32.49,100,65,0.81,RU,1701978640
180,marechal candido rondon,-24.5561,-54.0567,25.26,88,93,0.86,BR,1701978640
181,rockport,28.0206,-97.0544,24.03,76,0,6.17,US,1701978640
182,greenfields,-33.0333,27.8622,22.27,87,50,4.9,ZA,1701978640
183,kinablangan,7.6947,126.5503,25.58,87,47,1.68,PH,1701978640
184,san lorenzo de esmeraldas,1.2883,-78.8369,27.13,83,85,3.97,EC,1701978640
185,kisangani,0.5167,25.2,21.92,98,59,0.95,CD,1701978641
186,kresek,-6.1314,106.3797,29.07,86,96,2.84,ID,1701978641
187,nuku'alofa,-21.1333,-175.2,24.19,94,20,0.51,TO,1701978641
188,yenotayevka,47.2456,47.0281,-1.6,64,91,7.65,RU,1701978641
189,remire-montjoly,4.9167,-52.2667,30.02,74,40,5.66,GF,1701978641
190,upper dir,35.2058,71.8756,8.43,32,99,2.49,PK,1701978641
191,uturoa,-16.7333,-151.4333,26.74,81,81,4.87,PF,1701978642
192,bratslav,48.8226,28.9407,-3.85,94,100,3.86,UA,1701978642
193,ocean shores,46.9737,-124.1563,10.53,88,20,3.6,US,1701978392
194,i-n-salah,27.1935,2.4607,19.57,31,37,4.87,DZ,1701978642
195,madera,37.1666,-119.8343,17.51,55,46,4.32,US,1701978642
196,swakopmund,-22.6833,14.5333,17.21,86,12,0.89,NA,1701978643
197,ciudad lazaro cardenas,17.9583,-102.2,31.02,51,42,1.22,MX,1701978425
198,adrar,20.5022,-10.0711,21.65,10,16,4.5,MR,1701978643
199,sitka,57.0531,-135.33,2.94,87,75,3.6,US,1701978643
200,tocopilla,-22.092,-70.1979,21.32,64,21,4.43,CL,1701978643
201,petropavlovsk-kamchatsky,53.0452,158.6483,-7.53,72,75,3.0,RU,1701978643
202,kencong,-8.2833,113.3667,25.35,89,100,0.26,ID,1701978644
203,crane,31.3974,-102.3501,23.54,24,0,4.22,US,1701978644
204,castillos,-34.1667,-53.8333,18.73,72,50,7.98,UY,1701978644
205,mariental,-24.6333,17.9667,30.68,10,38,7.75,NA,1701978644
206,olyokminsk,60.3736,120.4264,-33.8,96,100,0.57,RU,1701978644
207,lazaro cardenas,17.9583,-102.2,31.02,51,42,1.22,MX,1701978644
208,christchurch,-43.5333,172.6333,16.29,68,40,5.14,NZ,1701978634
209,saskatoon,52.1168,-106.6345,1.99,92,100,7.2,CA,1701978495
210,tolanaro,-25.0319,46.9987,22.04,94,75,5.14,MG,1701978538
211,east london,-33.0153,27.9116,22.64,88,59,5.17,ZA,1701978645
212,novodvinsk,64.4165,40.8122,-26.23,97,40,1.7,RU,1701978645
213,salinopolis,-0.6136,-47.3561,28.66,75,76,5.48,BR,1701978645
214,smithers,54.7804,-127.1743,-3.82,93,100,1.54,CA,1701978613
215,lanciano,42.2167,14.3882,6.36,80,5,2.45,IT,1701978645
216,quellon,-43.1167,-73.6167,15.33,65,0,4.8,CL,1701978646
217,geraldton,-28.7667,114.6,19.23,72,100,5.66,AU,1701978646
218,coquimbo,-29.9533,-71.3436,18.85,68,20,6.17,CL,1701978646
219,haiku-pauwela,20.9219,-156.3051,25.58,74,20,3.09,US,1701978443
220,sirte,31.2089,16.5887,19.07,57,62,7.99,LY,1701978646
221,ceerigaabo,10.6162,47.368,13.54,42,31,3.59,SO,1701978646
222,princeville,45.7668,-61.2985,-0.64,84,100,6.17,CA,1701978647
223,webuye,0.6075,34.7697,18.21,77,45,1.22,KE,1701978647
224,carutapera,-1.195,-46.02,28.94,71,70,4.29,BR,1701978647
225,martapura,-3.4167,114.85,24.05,100,100,2.57,ID,1701978647
226,paita,-5.0892,-81.1144,23.84,72,26,5.67,PE,1701978558
227,mahavelona,-17.6848,49.5087,25.99,79,96,3.81,MG,1701978647
228,liaoyuan,42.9036,125.1358,0.19,79,5,5.57,CN,1701978647
229,kismayo,-0.3582,42.5454,27.43,75,7,4.65,SO,1701978648
230,smara,26.7384,-11.6719,18.12,64,100,4.08,EH,1701978648
231,livno,43.8269,17.0078,1.53,84,24,2.58,BA,1701978648
232,keflavik,64.0049,-22.5624,1.24,60,0,4.63,IS,1701978648
233,xinzhou,38.4092,112.7333,4.43,38,0,1.0,CN,1701978648
234,porto novo,6.4965,2.6036,28.9,79,100,3.33,BJ,1701978649
235,birobidzhan,48.8,132.95,-20.1,95,14,1.57,RU,1701978649
236,bernay,49.1667,0.6667,4.96,90,100,2.68,FR,1701978649
237,chimore,-16.9833,-65.1333,27.05,92,100,0.36,BO,1701978649
238,ceelbuur,4.685,46.6176,24.8,57,11,5.59,SO,1701978649
239,saarijarvi,62.7049,25.254,-11.91,96,100,2.73,FI,1701978649
240,tazacorte,28.629,-17.9293,20.54,78,40,4.12,ES,1701978365
241,east ballina,-28.8667,153.5833,20.44,81,1,1.22,AU,1701978650
242,medina,24.4686,39.6142,27.24,22,20,3.6,SA,1701978650
243,aykhal,66.0,111.5,-26.87,99,99,2.24,RU,1701978650
244,yumbe,3.4651,31.2469,22.33,63,7,1.72,UG,1701978650
245,lubliniec,50.669,18.6844,-0.84,90,100,0.38,PL,1701978650
246,shimoda,34.6667,138.95,10.31,63,0,1.87,JP,1701978650
247,shenjiamen,29.9576,122.298,15.21,74,0,9.05,CN,1701978650
248,guajara mirim,-10.7828,-65.3394,33.09,52,40,3.09,BR,1701978651
249,zhangjiakou,40.81,114.8794,0.79,51,7,0.14,CN,1701978651
250,chibougamau,49.9168,-74.3659,-14.21,85,20,0.0,CA,1701978651
251,hami,42.8,93.45,0.02,55,41,3.48,CN,1701978651
252,acajutla,13.5928,-89.8275,31.44,52,0,3.68,SV,1701978651
253,vilyuchinsk,52.9306,158.4028,-6.71,78,100,2.25,RU,1701978651
254,ormara,25.2088,64.6357,23.38,55,0,2.9,PK,1701978652
255,la ronge,55.1001,-105.2842,-0.86,74,75,1.54,CA,1701978652
256,musanze,-1.4998,29.635,14.75,95,23,0.57,RW,1701978652
257,saint croix,17.7397,-64.7388,30.25,76,20,3.09,VI,1701978652
258,brisas barra de suchiate,14.55,-92.2167,28.69,67,13,2.58,MX,1701978652
259,borivli,19.2333,72.85,25.95,73,4,2.57,IN,1701978652
260,saipan,15.1355,145.701,27.39,83,40,5.66,MP,1701978394
261,tchibanga,-2.85,11.0333,22.61,97,50,0.75,GA,1701978653
262,hithadhoo,-0.6,73.0833,27.55,77,100,4.22,MV,1701978470
263,balqash,46.8481,74.995,-6.6,50,100,6.02,KZ,1701978653
264,filey,54.21,-0.2892,5.58,92,100,5.36,GB,1701978653
265,twon-brass,4.3151,6.2418,27.5,78,100,5.2,NG,1701978653
266,waddan,29.1614,16.139,14.71,76,2,4.52,LY,1701978653
267,karratha,-20.7377,116.8463,30.43,27,1,6.22,AU,1701978355
268,carlsbad,33.1581,-117.3506,20.47,71,100,2.68,US,1701978371
269,nagqu,31.5,92.0,-8.44,78,100,1.08,CN,1701978654
270,rikaze,29.25,88.8833,-1.1,89,85,1.54,CN,1701978654
271,daru,-9.0763,143.2092,26.44,77,93,3.35,PG,1701978654
272,karbala,32.616,44.0249,19.22,44,98,2.89,IQ,1701978502
273,st. john's,47.5649,-52.7093,-2.79,82,75,5.14,CA,1701978652
274,at taj,24.2049,23.2857,14.82,29,1,1.51,LY,1701978655
275,isanlu-itedoijowa,8.2667,5.8333,27.62,25,49,0.62,NG,1701978655
276,koh kong,11.6175,102.9806,25.15,82,100,2.06,KH,1701978655
277,northam,51.0333,-4.2167,10.22,95,100,7.38,GB,1701978655
278,lively,46.4334,-81.1498,0.01,95,83,0.94,CA,1701978655
279,baruun-urt,46.6806,113.2792,-12.25,93,100,5.16,MN,1701978655
280,puerto yuca,2.9383,-73.2083,31.17,56,90,1.53,CO,1701978655
281,bodaybo,57.8506,114.1933,-32.48,98,100,0.77,RU,1701978656
282,sao felix do xingu,-6.6447,-51.995,28.62,66,72,1.96,BR,1701978656
283,ta`u,-14.2336,-169.5144,27.2,84,52,5.68,AS,1701978656
284,la palma,33.8464,-118.0467,21.53,70,75,3.09,US,1701978487
285,tarija,-21.5355,-64.7296,20.95,68,75,2.57,BO,1701978656
286,weno,7.4515,151.8468,26.97,89,100,4.63,FM,1701978656
287,schuyler,42.4167,-76.883,2.99,88,100,4.02,US,1701978657
288,nykvarn,59.8,18.3,1.01,97,100,2.54,SE,1701978657
289,laohekou,32.3858,111.6678,11.65,59,62,1.94,CN,1701978657
290,quatre cocos,-20.2078,57.7625,26.06,82,61,3.67,MU,1701978657
291,dakhla,23.6848,-15.958,20.01,77,77,9.77,EH,1701978657
292,santa terezinha,-29.9002,-50.0904,24.07,92,100,5.15,BR,1701978657
293,valparaiso,-33.0393,-71.6273,21.13,65,75,6.17,CL,1701978574
294,sorong,-0.8833,131.25,27.11,83,60,1.93,ID,1701978658
295,labrador city,52.9463,-66.9114,-11.05,79,100,3.09,CA,1701978658
296,nushki,29.5542,66.0215,10.88,24,0,0.68,PK,1701978658
297,paracuru,-3.41,-39.0306,28.39,71,7,6.04,BR,1701978658
298,boguchany,58.3814,97.4531,-34.52,98,27,0.89,RU,1701978658
299,darhan,49.4867,105.9228,-16.78,87,100,2.79,MN,1701978659
300,pisco,-13.7,-76.2167,22.79,73,0,4.63,PE,1701978454
301,oranjemund,-28.55,16.4333,16.86,91,0,2.97,NA,1701978659
302,angel r. cabada,18.5833,-95.4333,25.21,70,100,3.89,MX,1701978659
303,selkirk,50.1436,-96.8845,7.82,72,100,1.34,CA,1701978659
304,huarmey,-10.0681,-78.1522,23.12,73,39,4.77,PE,1701978659
305,bengkulu,-3.8004,102.2655,23.75,94,100,1.23,ID,1701978659
306,fale old settlement,-9.3852,-171.2468,29.08,73,100,3.93,TK,1701978660
307,brezina,33.0989,1.2608,14.83,63,100,2.38,DZ,1701978660
308,baijiantan,45.6333,85.1833,-1.54,53,95,5.02,CN,1701978660
309,biltine,14.5333,20.9167,24.27,12,54,2.78,TD,1701978660
310,cidreira,-30.1811,-50.2056,23.64,91,100,3.11,BR,1701978660
311,astrakhan,46.3497,48.0408,-3.07,86,75,6.0,RU,1701978660
312,yambio,4.5721,28.3955,22.95,78,3,1.26,SS,1701978661
313,kununurra,-15.7667,128.7333,26.99,83,40,0.0,AU,1701978661
314,eforie sud,44.0229,28.6494,1.56,94,100,9.07,RO,1701978661
315,portland,45.5234,-122.6762,8.94,92,75,9.26,US,1701978521
316,sawankhalok,17.316,99.8319,24.46,89,26,0.36,TH,1701978661
317,taiynsha,53.8478,69.7639,-32.07,98,7,2.79,KZ,1701978661
318,ust'-kut,56.7938,105.7672,-38.09,99,69,0.89,RU,1701978661
319,kanniyakumari,8.0833,77.5667,27.07,81,39,3.6,IN,1701978662
320,vila do maio,15.1333,-23.2167,24.44,74,100,5.75,CV,1701978662
321,taksimo,56.3444,114.8794,-30.55,85,100,1.12,RU,1701978662
322,dhidhdhoo,6.8833,73.1,28.34,80,100,9.77,MV,1701978662
323,mykolayiv,46.9659,31.9974,1.23,96,100,5.9,UA,1701978662
324,gisborne,-38.6533,178.0042,16.42,68,100,1.44,NZ,1701978662
325,melfort,52.8667,-104.6177,0.07,93,100,4.12,CA,1701978663
326,kirakira,-10.4544,161.9205,26.86,86,99,4.4,SB,1701978663
327,carbonear,47.7332,-53.2148,-2.54,84,100,6.14,CA,1701978663
328,tralee,52.2704,-9.7026,9.14,87,40,8.23,IE,1701978663
329,russellville,35.2784,-93.1338,18.32,42,100,2.57,US,1701978663
330,independence,39.0911,-94.4155,18.66,50,0,9.26,US,1701978663
331,lodwar,3.1191,35.5973,30.47,33,0,3.56,KE,1701978664
332,ketchikan,55.3422,-131.6461,3.99,93,100,0.0,US,1701978664
333,leava,-14.3,-178.1667,28.12,79,75,6.33,WF,1701978664
334,khandyga,62.6667,135.6,-31.57,90,100,2.12,RU,1701978664
335,takoradi,4.8845,-1.7554,27.13,80,98,3.51,GH,1701978665
336,muisne,0.6,-80.0333,26.28,84,83,4.43,EC,1701978665
337,xilin hot,43.9667,116.0333,0.63,63,14,9.41,CN,1701978665
338,zhaotong,27.3167,103.7167,7.25,89,17,2.19,CN,1701978402
339,lappeenranta,61.0587,28.1887,-13.97,85,100,3.09,FI,1701978665
340,zlatoust,55.1711,59.6508,-28.34,100,56,1.34,RU,1701978665
341,raduzhny,62.0961,77.475,-25.94,88,100,3.87,RU,1701978666
342,mili,6.0815,171.735,27.92,83,27,8.74,MH,1701978666
343,pathein,16.7833,94.7333,24.01,92,21,1.21,MM,1701978666
344,georgetown,5.4112,100.3354,25.96,92,20,1.03,MY,1701978666
345,magadan,59.5667,150.8,-10.76,81,100,7.6,RU,1701978666
346,tazovsky,67.4667,78.7,-24.26,96,100,4.93,RU,1701978667
347,dryden,49.7833,-92.7503,1.16,86,100,2.57,CA,1701978667
348,freetown,8.484,-13.2299,28.84,79,40,4.12,SL,1701978667
349,cartagena del chaira,1.3349,-74.8429,28.93,76,73,1.44,CO,1701978667
350,santana,-0.0583,-51.1817,34.1,59,20,6.17,BR,1701978592
351,fort mcmurray,56.7268,-111.381,-1.23,74,0,3.6,CA,1701978667
352,carnarvon,-24.8667,113.6333,21.03,71,0,10.24,AU,1701978668
353,penapolis,-21.4197,-50.0775,34.03,36,88,2.2,BR,1701978668
354,yenisehir,40.2644,29.6531,10.03,100,75,0.0,TR,1701978668
355,birzebbuga,35.8258,14.5269,16.2,62,20,3.6,MT,1701978668
356,gamba,-2.65,10.0,26.34,83,75,2.68,GA,1701978669
357,kolokani,13.5728,-8.0339,25.57,16,18,3.5,ML,1701978669
358,ca mau,9.1769,105.15,24.03,92,90,2.43,VN,1701978669
359,mount isa,-20.7333,139.5,22.87,43,5,2.57,AU,1701978669
360,onega,63.9061,38.1404,-21.84,99,66,2.17,RU,1701978670
361,falam,22.9167,93.6833,13.86,100,100,0.22,MM,1701978670
362,kingston,17.997,-76.7936,31.53,66,40,5.14,JM,1701978485
363,acarau,-2.8856,-40.12,28.46,70,14,8.15,BR,1701978670
364,praia da vitoria,38.7333,-27.0667,17.64,82,20,7.38,PT,1701978489
365,antsiranana,-12.2787,49.2917,26.49,78,38,5.99,MG,1701978523
366,panjab,34.388,67.0233,-1.56,33,100,1.2,AF,1701978671
367,bambanglipuro,-7.95,110.2833,25.35,88,100,0.85,ID,1701978671
368,thinadhoo,0.5333,72.9333,26.44,83,100,6.58,MV,1701978671
369,kichmengskiy gorodok,59.9816,45.7854,-20.03,97,39,1.34,RU,1701978671
370,redwood falls,44.5394,-95.1169,16.01,38,0,5.66,US,1701978657
371,cockburn town,21.4612,-71.1419,25.25,68,100,8.33,TC,1701978652
372,aljezur,37.3191,-8.8033,16.16,94,100,2.41,PT,1701978672
373,coahuayana de hidalgo,18.7,-103.6583,31.56,49,53,2.01,MX,1701978672
374,rehoboth,-23.3167,17.0833,27.88,18,6,8.02,NA,1701978672
375,escanaba,45.7453,-87.0646,6.4,65,0,2.57,US,1701978672
376,taltal,-25.4,-70.4833,20.01,67,22,4.01,CL,1701978673
377,walvis bay,-22.9575,14.5053,17.27,77,3,6.58,NA,1701978673
378,chadan,51.2833,91.5833,-20.33,90,100,1.2,RU,1701978673
379,sao vicente,-23.9631,-46.3919,33.98,49,40,5.36,BR,1701978673
380,broken hill,-31.95,141.4333,31.5,26,100,7.07,AU,1701978673
381,xiaoweizhai,26.1903,107.5125,10.58,73,33,1.72,CN,1701978673
382,angra do heroismo,38.65,-27.2167,17.84,83,20,0.45,PT,1701978674
383,muroto-misakicho,33.2833,134.15,13.65,61,0,2.76,JP,1701978674
384,san rafael del yuma,18.4299,-68.6739,30.11,72,38,5.44,DO,1701978674
385,susanville,40.4163,-120.653,7.12,63,100,2.24,US,1701978674
386,beledweyne,4.7358,45.2036,27.78,39,8,4.32,SO,1701978674
387,itacare,-14.2775,-38.9967,26.81,68,13,2.89,BR,1701978675
388,tromso,69.6496,18.957,-3.99,63,0,7.72,NO,1701978675
389,freistadt,48.511,14.5045,-3.66,97,31,1.42,AT,1701978675
390,awjilah,29.1081,21.2869,18.59,28,100,2.8,LY,1701978675
391,abay,49.6311,72.8539,-20.79,78,75,3.27,KZ,1701978675
392,prince albert,53.2001,-105.7677,1.97,93,100,4.63,CA,1701978675
393,morondava,-20.2833,44.2833,25.95,88,17,2.2,MG,1701978676
394,aldinga beach,-35.2793,138.4604,28.9,44,73,6.32,AU,1701978676
395,caldas da rainha,39.4033,-9.1384,15.93,96,100,5.53,PT,1701978665
396,saint augustine beach,29.8505,-81.2654,19.52,55,0,4.12,US,1701978676
397,praia,14.9215,-23.5087,24.3,73,75,7.2,CV,1701978645
398,brokopondo,4.75,-55.1667,30.13,63,99,2.51,SR,1701978677
399,ati,13.2154,18.3353,26.52,15,8,4.68,TD,1701978677
400,muyuka,4.2898,9.4103,25.78,88,86,0.62,CM,1701978677
401,lipovtsy,44.2014,131.7244,-8.76,61,97,1.74,RU,1701978678
402,kayes,14.0,-11.0,29.9,14,100,2.08,ML,1701978678
403,vorkuta,67.5,64.0,-26.08,98,100,2.04,RU,1701978678
404,kolonia,50.9333,6.95,2.46,83,20,3.6,DE,1701978564
405,eyl,7.9803,49.8164,24.83,68,1,9.29,SO,1701978678
406,vernon,50.2581,-119.2691,6.53,88,96,1.03,CA,1701978679
407,khorixas,-20.3667,14.9667,23.66,29,18,5.7,NA,1701978679
408,yueyang,29.3333,113.0919,12.77,51,100,3.98,CN,1701978679
409,villamontes,-21.25,-63.5,28.69,70,100,0.0,BO,1701978679
410,jining,35.405,116.5814,9.45,66,0,3.64,CN,1701978679
411,sungailiat,-1.85,106.1333,26.81,84,100,2.49,ID,1701978680
412,lethbridge,49.7,-112.8186,1.45,93,100,6.69,CA,1701978680
413,udachny,66.4167,112.4,-25.31,75,100,1.28,RU,1701978680
414,gazojak,41.1875,61.4036,0.82,31,100,5.94,TM,1701978681
415,jamestown,42.097,-79.2353,3.77,79,100,4.12,US,1701978572
416,natal,-5.795,-35.2094,29.36,70,40,6.69,BR,1701978682
417,shahdol,23.2833,81.35,15.95,97,66,1.18,IN,1701978682
418,port isabel,26.0734,-97.2086,24.45,69,100,7.2,US,1701978682
419,tunja,5.5353,-73.3678,16.53,60,74,2.54,CO,1701978683
420,uliastay,47.7417,96.8444,-20.44,96,68,2.62,MN,1701978527
421,banda aceh,5.5577,95.3222,25.91,82,99,3.04,ID,1701978683
422,afaahiti,-17.75,-149.2833,27.93,83,97,8.95,PF,1701978683
423,sao joao dos inhamuns,-6.0,-40.2833,34.78,25,78,5.42,BR,1701978683
424,san antonio de pale,-1.4014,5.6325,26.12,82,99,3.52,GQ,1701978684
425,faya-largeau,17.9257,19.1043,22.29,18,51,3.65,TD,1701978684
426,mezokovesd,47.8167,20.5833,0.86,97,100,2.7,HU,1701978684
427,saint-paul,-21.0096,55.2707,26.05,98,53,0.27,RE,1701978684
428,brookings,44.3114,-96.7984,16.18,47,0,6.17,US,1701978685
429,colchester,51.8892,0.9042,6.51,90,100,9.88,GB,1701978685
430,holualoa,19.6228,-155.9522,24.88,76,40,1.54,US,1701978685
431,myeik,12.4333,98.6,24.72,89,16,1.79,MM,1701978685
432,livingston,55.9029,-3.5226,6.05,90,75,3.6,GB,1701978686
433,tsagan aman,47.5639,46.7218,-2.91,78,96,6.35,RU,1701978686
434,isabela,6.7085,121.9711,26.32,83,100,1.56,PH,1701978686
435,cururupu,-1.8283,-44.8683,28.81,68,32,2.96,BR,1701978686
436,camiri,-20.05,-63.5167,22.88,88,100,0.0,BO,1701978686
437,minas de marcona,-15.2119,-75.1103,20.83,55,20,6.98,PE,1701978687
438,gaiman,-43.2897,-65.4929,18.09,39,4,8.37,AR,1701978687
439,barysh,53.6553,47.1123,-25.11,100,78,1.45,RU,1701978687
440,vorgashor,67.5833,63.95,-26.25,98,100,2.03,RU,1701978688
441,buinsk,54.95,48.2833,-28.34,100,39,1.23,RU,1701978688
442,manado,1.487,124.8455,24.43,100,40,0.51,ID,1701978688
443,teknaf,20.8624,92.3058,23.78,92,82,2.35,BD,1701978688
444,amos,48.5669,-78.1162,-4.01,88,100,2.12,CA,1701978688
445,arno,60.1167,18.6333,0.44,89,100,5.15,SE,1701978689
446,west end,26.6833,-78.9667,20.99,53,99,4.07,BS,1701978529
447,vila franca do campo,37.7167,-25.4333,18.27,99,95,2.73,PT,1701978689
448,willowmore,-33.2926,23.4895,19.88,29,0,2.16,ZA,1701978689
449,puerto baquerizo moreno,-0.9,-89.6,27.55,74,75,6.69,EC,1701978689
450,flying fish cove,-10.4217,105.6791,24.82,88,75,2.57,CX,1701978690
451,fort st. john,56.2499,-120.8529,-4.06,80,20,5.66,CA,1701978690
452,jayapura,-2.5333,140.7,25.66,88,100,3.1,ID,1701978690
453,marataizes,-21.0433,-40.8244,26.5,78,0,9.1,BR,1701978690
454,taoudenni,22.6783,-3.9836,23.19,19,100,4.96,ML,1701978691
455,suntar,62.1444,117.6319,-50.26,100,83,0.57,RU,1701978691
456,gadzhiyevo,69.2551,33.3362,-14.58,96,91,6.59,RU,1701978691
457,arica,-18.475,-70.3042,26.75,60,0,5.66,CL,1701978691
458,general villegas,-35.0328,-63.0125,28.74,31,0,4.24,AR,1701978691
459,kalmunai,7.4167,81.8167,25.89,89,100,3.11,LK,1701978692
460,mangai,-4.05,19.5333,20.85,100,99,0.55,CD,1701978692
461,fili,55.7425,37.4856,-11.7,100,99,1.59,RU,1701978692
462,palikir - national government center,6.9248,158.1611,28.41,74,100,4.12,FM,1701978692
463,ambodifotatra,-16.9833,49.85,25.9,73,99,7.7,MG,1701978692
464,valle de la pascua,9.2155,-66.0073,29.92,53,100,2.68,VE,1701978693
465,tobruk,32.0836,23.9764,18.63,46,100,3.84,LY,1701978693
466,ban ao nang,8.0458,98.8103,24.11,86,98,3.94,TH,1701978693
467,kota kinabalu,5.9749,116.0724,25.99,89,20,2.57,MY,1701978686
468,thulamahashi,-24.7246,31.1994,23.28,93,44,0.93,ZA,1701978693
469,tarakan,3.3,117.6333,26.18,83,100,3.37,ID,1701978694
470,rawai,7.7797,98.3253,25.06,79,99,6.3,TH,1701978694
471,fredericksburg,38.3032,-77.4605,8.9,55,100,11.18,US,1701978694
472,dubbo,-32.25,148.6167,24.07,64,32,5.14,AU,1701978694
473,thunder bay,48.4001,-89.3168,2.99,70,75,1.03,CA,1701978694
474,jiagedaqi,50.4167,124.1167,-16.34,95,100,3.44,CN,1701978695
475,puerto aysen,-45.4,-72.7,24.32,42,18,1.11,CL,1701978455
476,lensk,60.7253,114.9278,-44.14,100,97,0.7,RU,1701978695
477,lamar,33.6668,-95.5836,19.99,57,0,9.77,US,1701978695
478,hopelchen,19.7667,-89.85,29.48,39,29,1.85,MX,1701978695
479,al wajh,26.2455,36.4525,24.97,44,0,2.06,SA,1701978696
480,kuala kangsar,4.7667,100.9333,26.7,96,100,0.75,MY,1701978696
481,sao jose da coroa grande,-8.8978,-35.1478,26.8,72,87,4.36,BR,1701978696
482,dalhart,36.0595,-102.5133,22.49,16,0,9.77,US,1701978696
483,bandon,51.7469,-8.7425,8.77,88,57,8.24,IE,1701978696
484,changji,44.0167,87.3167,-0.56,74,0,2.0,CN,1701978697
485,moree,-29.4667,149.85,26.15,46,12,4.51,AU,1701978697
486,dunedin,-45.8742,170.5036,14.11,58,21,1.42,NZ,1701978405
487,la'ie,21.6477,-157.9253,27.98,73,37,0.45,US,1701978697
488,bandarbeyla,9.4942,50.8122,25.01,67,2,9.1,SO,1701978697
489,dongning,44.0622,131.1207,-9.86,82,96,1.03,CN,1701978697
490,pimentel,-6.8367,-79.9342,27.16,57,0,7.2,PE,1701978698
491,revda,56.801,59.9303,-32.54,97,5,0.34,RU,1701978698
492,salaqi,40.5414,110.5108,0.28,53,20,2.04,CN,1701978698
493,kidal,18.4411,1.4078,25.42,11,27,2.34,ML,1701978698
494,ghat,24.9647,10.1728,17.11,30,0,3.17,LY,1701978698
495,sabang,5.8933,95.3214,27.44,81,100,5.29,ID,1701978698
496,majholi,23.5,79.9167,14.87,97,16,2.26,IN,1701978698
497,anori,-3.7728,-61.6442,33.57,46,67,0.45,BR,1701978699
498,undurkhaan,47.3194,110.6556,-11.41,68,99,6.26,MN,1701978699
499,furstenfeld,47.05,16.0833,-0.69,98,30,0.68,AT,1701978699
500,box elder,41.5005,-112.8764,6.93,49,57,7.84,US,1701978699
501,kavieng,-2.5744,150.7967,27.24,81,97,3.77,PG,1701978699
502,caconda,-13.7333,15.0667,16.98,93,100,1.41,AO,1701978699
503,egilsstadir,65.2653,-14.3948,-1.05,64,75,7.72,IS,1701978699
504,ostroleka,53.0862,21.5757,-2.82,89,99,4.41,PL,1701978700
505,riacho de santana,-13.6092,-42.9389,34.04,22,92,5.24,BR,1701978700
506,waingapu,-9.6567,120.2641,26.56,84,85,1.99,ID,1701978700
507,karor,31.2274,70.9492,16.01,28,0,1.93,PK,1701978700
508,mejit,10.2753,170.8646,27.62,83,98,10.96,MH,1701978465
509,andes,5.6561,-75.8788,24.23,75,95,0.66,CO,1701978701
510,mugia,43.1041,-9.2179,15.09,81,94,7.86,ES,1701978701
511,callao,-12.0667,-77.15,22.16,68,75,5.14,PE,1701978701
512,uzgen,40.7699,73.3007,9.35,37,100,0.51,KG,1701978701
513,kalach-na-donu,48.691,43.5264,-3.79,81,64,6.38,RU,1701978701
514,micheweni,-4.9667,39.8333,26.95,84,97,3.83,TZ,1701978701
515,sao gabriel da cachoeira,-0.1303,-67.0892,28.89,84,40,2.57,BR,1701978701
516,yelizovo,53.1873,158.3805,-6.78,73,75,3.0,RU,1701978702
517,hemsby,52.6971,1.6918,6.13,94,100,12.82,GB,1701978702
518,conception bay south,47.4999,-52.9981,-2.92,82,100,6.32,CA,1701978702
519,calvinia,-31.4707,19.776,17.69,53,0,2.86,ZA,1701978702
520,marsh harbour,26.5412,-77.0636,21.86,55,19,5.08,BS,1701978702
521,bukama,-9.2,25.85,22.07,85,89,0.82,CD,1701978702
522,prince rupert,54.3161,-130.3201,4.83,83,40,6.17,CA,1701978611
523,kimbe,-5.5502,150.1429,24.76,93,62,0.7,PG,1701978703
524,horta,38.5333,-28.6333,17.8,84,40,7.2,PT,1701978414
525,thal,35.4791,72.2439,1.49,51,100,3.26,PK,1701978703
526,beira,-19.8436,34.8389,27.05,74,20,4.63,MZ,1701978703
527,lautoka,-17.6167,177.4667,25.92,78,40,2.06,FJ,1701978703
528,moengo,5.6167,-54.4,28.07,75,77,2.66,SR,1701978704
529,alaghsas,17.0187,8.0168,23.12,13,37,3.01,NE,1701978704
530,conduaga,8.862,117.4893,26.12,87,100,1.54,PH,1701978704
531,estreito,-5.7833,-43.25,34.11,34,100,2.57,BR,1701978704
532,san luis de la loma,17.2706,-100.8939,29.71,60,81,2.52,MX,1701978704
533,nadym,65.5333,72.5167,-21.11,96,100,6.89,RU,1701978704
534,emerald,-23.5333,148.1667,19.08,87,0,3.74,AU,1701978705
535,westport,41.1415,-73.3579,4.15,67,100,4.12,US,1701978705
536,humahuaca,-23.2054,-65.3505,18.38,64,31,3.37,AR,1701978705
537,puerto colombia,10.9878,-74.9547,30.05,77,92,8.73,CO,1701978705
538,shakhtinsk,49.71,72.5872,-17.24,80,72,3.45,KZ,1701978705
539,lincheng,19.9078,109.6858,18.64,79,95,3.84,CN,1701978705
540,los fresnos,26.0717,-97.4764,24.42,74,100,7.2,US,1701978705
541,gannan,47.9147,123.5031,-11.4,94,100,4.38,CN,1701978706
542,sisimiut,66.9395,-53.6735,-5.09,68,100,2.8,GL,1701978706
543,matola,-25.9622,32.4589,22.97,94,75,1.03,MZ,1701978706
544,saint-philippe,-21.3585,55.7679,24.77,88,53,3.92,RE,1701978706
545,shchastya,48.7396,39.2323,-2.5,80,100,7.65,UA,1701978706
546,edson,53.5835,-116.4356,-0.92,80,75,2.06,CA,1701978706
547,urengoy,65.9667,78.3667,-20.8,97,100,5.57,RU,1701978706
548,mendi,-6.1761,143.6513,11.43,97,81,1.41,PG,1701978707
549,atasu,48.6814,71.6433,-14.36,63,13,5.02,KZ,1701978707
550,kodinsk,58.6881,99.1844,-35.87,98,28,1.12,RU,1701978707
551,nuevo casas grandes,30.4167,-107.9167,23.53,10,0,9.16,MX,1701978707
552,koungou,-12.7336,45.2042,27.84,83,75,2.57,YT,1701978707
553,island harbour,50.724,-1.2758,11.29,94,100,2.68,GB,1701978707
554,bull savanna,17.8868,-77.5902,27.46,65,43,1.3,JM,1701978708
555,noosa heads,-26.3833,153.15,22.97,79,28,3.81,AU,1701978708
556,hilo,19.7297,-155.09,28.12,75,75,4.02,US,1701978708
557,kuanda,56.3161,116.0806,-30.22,98,100,1.11,RU,1701978708
558,urangan,-25.3,152.9,23.52,76,10,5.21,AU,1701978546
559,hobyo,5.3505,48.5268,26.28,65,88,7.47,SO,1701978708
560,cardoso,-20.0819,-49.9142,33.88,35,50,2.29,BR,1701978708
561,hirara,24.8,125.2833,19.15,72,38,3.6,JP,1701978709
562,maputo,-25.9653,32.5892,22.82,94,75,1.03,MZ,1701978709
563,liwale,-9.7667,37.9333,22.69,92,89,0.93,TZ,1701978709
564,itaituba,-4.2761,-55.9836,22.09,100,100,1.54,BR,1701978709
565,vanimo,-2.6741,141.3028,25.93,90,100,4.39,PG,1701978709
566,sikasso,10.9167,-7.0,27.25,21,40,1.82,ML,1701978709
567,pundong,-7.9522,110.3486,25.3,89,100,0.7,ID,1701978710
568,sogndal,61.2283,7.1003,-4.79,93,20,0.0,NO,1701978710
569,broome,42.2506,-75.833,2.06,89,100,2.57,US,1701978710
570,prince george,53.9166,-122.753,-4.31,93,100,1.03,CA,1701978710
